Time,Gx,Gy,Gz
0.15,0.0,0.0,0.0
0.23,0.0,0.0,0.0
0.3,0.0,0.0,0.0
0.38,0.0,0.0,0.0
0.45,0.0,0.0,0.0
0.53,0.0,0.0,0.0
0.6,0.0,0.0,0.0
0.66,0.0,0.0,0.0
0.73,0.0,0.0,0.0
0.8,0.0,0.0,0.0
0.87,0.0,0.0,0.0
0.94,0.0,0.0,0.0
1.02,0.0,0.0,0.0
1.1,0.0,0.0,0.0
1.18,0.0,0.0,0.0
1.25,0.0,0.0,0.0
1.33,0.0,0.0,0.0
1.4,0.0,0.0,0.0
1.47,0.0,0.0,0.0
1.54,0.0,0.0,0.0
1.61,0.0,0.0,0.0
1.67,0.0,0.0,0.0
1.75,0.0,0.0,0.0
1.83,0.0,0.0,0.0
1.9,0.0,0.0,0.0
1.96,0.0,0.0,0.0
2.02,0.0,0.0,0.0
2.08,0.0,0.0,0.0
2.15,0.0,0.0,0.0
2.21,-12.9,-115.2,127.79
2.28,19.24,-57.77,136.04
2.35,181.91,250.0,80.75
2.41,148.13,245.02,89.4
2.48,134.1,167.92,24.32
2.55,4.12,33.71,21.11
2.61,-7.97,-1.06,-28.78
2.68,7.4,19.45,-5.31
2.75,19.13,10.98,-55.3
2.81,5.87,1.35,-14.89
2.88,4.09,1.42,-1.68
2.96,126.08,67.35,26.23
3.03,204.38,97.64,37.63
3.1,250.0,124.73,55.68
3.16,227.67,48.96,16.2
3.23,31.49,-22.46,-54.52
3.3,-15.11,-28.85,7.14
3.36,-8.69,-7.82,-4.18
3.43,9.4,8.09,19.66
3.5,-14.71,-69.72,-70.94
3.56,-68.8,-148.6,-84.57
3.63,-249.99,-249.99,88.55
3.7,-249.99,-245.49,-6.34
3.77,-162.66,-123.12,-54.65
3.83,-101.12,-83.36,-70.21
3.9,-103.73,-46.92,-13.09
3.97,-125.46,-26.99,101.39
4.03,-95.95,4.05,78.62
4.1,-33.7,-32.65,7.55
4.17,-7.9,-10.16,29.13
4.24,-28.79,5.71,94.76
4.3,-22.7,-5.26,87.6
4.37,-63.96,17.36,179.52
4.44,-14.17,-1.28,54.25
4.5,-29.92,0.39,121.37
4.57,-37.57,-4.28,131.73
4.64,-64.34,-4.93,226.87
4.7,-82.88,-17.98,248.93
4.77,-66.73,-36.3,236.16
4.84,50.1,-32.58,-23.07
4.9,34.76,-40.92,-1.39
4.97,69.01,-75.35,-72.0
5.04,134.68,18.45,-187.92
5.1,37.62,-23.62,-13.57
5.17,-39.92,-38.22,118.52
5.23,-78.49,-17.59,151.6
5.3,75.9,96.32,-33.02
5.36,41.35,-103.24,-109.54
5.43,20.06,7.91,-115.89
5.5,58.18,20.05,-57.92
5.56,89.97,-54.24,-4.98
5.63,52.28,-26.2,-14.2
5.7,-39.98,-5.49,-22.31
5.76,-124.08,-3.58,-49.14
5.83,-245.99,-2.36,-77.7
5.9,-249.99,-33.64,-99.63
5.97,-249.99,1.38,-126.2
6.03,-233.33,-32.51,-75.63
6.1,-202.8,-4.4,-52.79
6.17,-39.12,-15.05,-19.84
6.24,86.4,-69.17,24.13
6.3,145.38,-62.93,14.47
6.37,250.0,-22.48,13.3
6.44,250.0,12.57,18.02
6.5,250.0,-72.31,181.96
6.57,250.0,-66.12,123.12
6.64,250.0,-45.69,-16.91
6.7,250.0,-59.51,3.99
6.77,165.63,-64.24,57.78
6.84,163.37,-26.8,7.52
6.91,108.72,-5.96,4.42
6.97,61.12,-4.14,6.83
7.04,55.62,6.47,6.95
7.11,41.01,-3.53,3.86
7.17,30.18,-8.47,4.56
7.24,37.06,-7.54,4.03
7.31,49.81,-13.97,13.36
7.37,53.76,-9.74,8.97
7.44,69.89,4.32,-11.98
7.5,64.81,12.67,-15.52
7.57,39.48,19.25,-25.01
7.63,-9.18,7.35,-23.39
7.7,-171.72,23.92,-92.5
7.77,-248.42,28.8,-117.04
7.83,-249.99,17.27,-162.21
7.9,-249.99,33.49,-160.86
7.96,-249.99,48.41,-20.01
8.03,-218.28,-6.88,-24.66
8.1,-202.5,-10.0,-41.38
8.16,-203.05,16.74,-13.28
8.23,-208.91,14.75,-29.08
8.3,-150.8,3.32,-41.71
8.36,-167.07,4.73,-0.68
8.43,-214.96,51.6,-7.07
8.5,-203.13,4.13,21.67
8.57,-69.01,7.29,-24.39
8.63,-7.65,-7.65,77.81
8.7,6.19,-15.37,33.75
8.77,18.55,-50.61,-14.44
8.83,25.39,-60.88,-3.08
8.9,60.09,-78.77,50.27
8.97,138.53,-41.58,96.8
9.03,36.73,-31.58,-29.11
9.1,102.0,66.28,-159.61
9.16,122.03,37.62,-126.17
9.23,155.89,26.95,-111.06
9.3,163.17,72.31,4.76
9.36,141.07,55.91,28.78
9.43,210.92,9.28,29.33
9.5,234.79,1.71,32.91
9.56,168.66,15.28,23.51
9.63,146.16,-1.57,25.45
9.7,144.68,-24.87,16.46
9.76,134.52,-49.05,36.8
9.83,94.35,-25.25,35.76
9.9,73.3,-10.87,13.09
9.96,36.65,11.19,-3.07
10.03,10.98,1.41,-10.33
10.1,-40.07,-4.83,-16.77
10.16,-63.88,-12.0,-31.4
10.24,-89.64,-8.17,-7.94
10.31,-88.95,-13.23,-6.1
10.38,-120.73,-1.43,4.61
10.46,-77.46,-18.51,-11.74
10.53,-69.78,-12.67,-2.95
10.6,-60.48,-13.47,-9.0
10.67,-81.89,-4.46,9.67
10.73,-60.29,-5.37,4.22
10.8,-73.74,-2.37,14.18
10.86,-77.22,1.35,9.67
10.93,-65.49,3.31,5.43
11.0,-56.31,10.47,-11.14
11.06,-71.8,5.3,-4.35
11.13,-71.54,-6.22,-11.52
11.2,-59.12,-3.93,5.89
11.26,-53.96,-2.7,4.13
11.35,-62.01,-5.46,-7.72
11.41,-44.06,-3.79,2.29
11.48,-36.79,1.56,0.05
11.55,-29.61,2.68,-1.44
11.61,-42.56,10.22,-9.98
11.68,-29.67,-11.38,4.62
11.75,23.11,-1.11,4.09
11.81,51.94,-5.48,8.22
11.88,67.99,13.58,47.74
11.95,79.63,-2.57,84.75
12.01,106.04,-15.43,76.5
12.08,109.66,8.72,4.32
12.15,100.69,82.6,-122.88
12.21,107.33,104.99,-152.88
12.28,74.54,51.01,31.61
12.35,58.47,14.57,67.01
12.41,31.9,-29.28,112.0
12.48,28.59,1.71,86.67
12.55,60.77,1.89,-72.43
12.61,88.09,-9.7,-59.72
12.68,38.3,88.36,-0.7
12.75,2.55,74.2,69.8
12.81,38.36,124.27,29.48
12.89,37.63,247.78,-9.44
12.95,-16.71,173.19,57.44
13.02,-12.21,144.08,49.17
13.08,-26.03,93.21,59.42
13.15,-5.54,54.04,43.57
13.22,25.29,-26.13,-3.79
13.28,71.39,-247.24,3.44
13.35,29.9,-249.99,-25.33
13.42,-33.66,-214.03,-62.97
13.49,-83.69,-229.9,-2.68
13.55,-61.15,-236.88,-38.37
13.62,-2.97,-230.97,-109.74
13.69,33.42,-195.96,-12.9
13.75,33.94,-183.25,-11.03
13.82,0.08,-141.26,-0.45
13.88,16.46,-98.49,11.46
13.95,19.93,-64.79,17.75
14.01,6.85,-24.77,2.13
14.08,-7.74,227.48,-35.78
14.15,-16.49,250.0,-26.33
14.22,9.0,250.0,23.38
14.28,-24.28,250.0,41.56
14.35,-51.04,250.0,105.52
14.42,-69.19,248.99,43.31
14.48,-52.89,152.76,66.13
14.55,-11.91,90.93,30.04
14.62,14.01,44.73,-6.52
14.69,104.09,-215.73,-27.29
14.75,115.91,-249.99,-28.45
14.82,81.16,-249.99,10.87
14.88,85.33,-249.99,33.68
14.95,28.78,-249.99,-10.75
15.02,14.3,-248.25,-22.3
15.09,-0.25,-150.45,-10.51
15.15,-9.56,20.15,2.44
15.22,-19.8,123.22,6.26
15.28,-56.22,250.0,-10.49
15.35,-62.08,250.0,62.96
15.41,-38.31,250.0,47.18
15.48,-57.3,250.0,22.85
15.55,-34.78,186.33,43.62
15.61,-1.83,60.33,10.11
15.68,44.76,-127.62,-35.46
15.75,-18.41,-146.55,-18.18
15.81,17.75,-156.32,10.34
15.88,0.44,-104.24,19.61
15.95,22.6,-112.88,38.23
16.01,1.96,-134.13,18.09
16.08,-2.27,-117.98,-7.48
16.15,8.2,-62.43,-2.74
16.21,-2.92,-73.28,-2.52
16.28,-11.29,-23.82,2.74
16.35,-1.06,-10.39,-9.34
16.41,9.55,-21.62,-3.33
16.48,6.63,-16.3,-17.37
16.55,2.27,-16.74,-7.83
16.61,1.87,-11.31,-6.58
16.68,1.48,-0.41,-2.92
16.75,5.59,-3.33,-4.82
16.81,0.51,-1.86,-2.2
16.88,3.55,-1.62,-0.5
16.95,3.22,-1.91,-0.09
17.01,5.08,-1.09,-1.5
17.08,3.27,-1.28,-3.61
17.15,5.87,2.87,-0.54
17.21,5.15,1.41,1.82
17.28,6.05,-1.4,3.14
17.35,3.13,-0.86,2.6
17.41,2.46,2.43,1.52
17.48,3.83,-0.65,2.54
17.55,3.32,-0.58,0.44
17.61,4.06,0.18,0.73
17.68,5.76,-0.38,1.86
17.75,3.89,2.05,2.44
17.81,3.27,0.29,1.73
17.88,3.55,0.12,2.25
17.95,5.1,0.46,0.47
18.01,1.73,-1.61,4.62
18.08,0.59,2.15,0.56
18.15,4.75,1.83,2.25
18.21,4.42,1.91,0.89
18.28,8.24,3.12,-0.74
18.35,7.24,12.38,0.01
18.41,10.05,9.89,-2.43
18.48,5.59,-5.82,-7.99
18.55,8.59,-10.71,-8.26
18.61,3.97,2.16,-4.41
18.68,-7.54,5.52,2.8
18.75,-23.63,3.8,7.11
18.81,-33.44,-1.38,9.29
18.88,-102.02,-8.21,29.41
18.95,-119.29,-12.97,22.86
19.01,-126.9,-18.07,17.94
19.08,-122.57,-15.19,12.63
19.15,-110.51,0.64,6.6
19.21,-99.82,-1.25,-3.46
19.28,-78.13,-14.6,1.92
19.35,-70.99,-11.48,3.79
19.41,-60.61,-4.88,4.39
19.48,-51.5,-3.36,-3.08
19.55,-24.71,-1.19,-4.98
19.61,-17.65,-0.15,4.51
19.7,-9.16,3.61,2.18
19.76,-4.44,-0.06,0.09
19.83,-0.24,3.4,7.87
19.9,1.01,0.35,9.58
19.96,49.17,4.16,0.03
20.03,164.4,-26.66,-24.02
20.1,220.17,-20.89,-51.33
20.16,218.32,34.13,-48.81
20.23,214.5,37.57,-38.22
20.3,227.97,43.68,-26.37
20.36,211.16,35.61,-4.31
20.43,147.86,20.55,12.85
20.5,138.56,23.97,4.45
20.56,119.01,1.57,18.93
20.63,99.55,-14.05,27.47
20.7,106.77,-7.6,49.29
20.76,98.34,-20.22,41.8
20.83,97.72,-14.93,18.85
20.9,89.65,-25.76,0.73
20.96,85.07,18.4,-5.81
21.03,107.81,7.75,2.62
21.1,108.22,-5.14,17.79
21.16,88.31,6.48,5.97
21.23,36.61,15.67,-6.9
21.3,7.43,4.94,-7.01
21.36,-23.24,6.11,-7.23
21.43,-27.15,3.52,-15.27
21.5,-31.55,-0.68,-21.34
21.56,-47.51,-0.32,-41.23
21.63,-102.76,11.72,-90.62
21.7,-140.8,-0.9,-106.41
21.76,-178.94,-4.37,-85.21
21.83,-174.17,21.67,-29.05
21.9,-160.87,18.17,-28.03
21.96,-136.34,-7.2,-0.08
22.03,-140.1,-23.25,4.65
22.1,-153.94,-47.07,42.46
22.16,-192.54,-64.26,46.74
22.23,-169.89,-38.0,7.31
22.3,-107.43,2.89,-29.35
22.36,-44.58,33.89,-37.26
22.43,81.39,79.44,64.08
22.5,99.7,50.58,55.48
22.56,74.42,7.19,18.48
22.63,158.49,105.05,25.03
22.7,86.75,8.24,-23.28
22.76,58.95,5.61,-41.97
22.83,20.22,-52.78,-19.53
22.9,46.92,-50.17,-23.89
22.96,32.51,-48.56,-47.8
23.03,34.08,-42.64,-13.15
23.1,16.49,-48.28,15.56
23.16,42.3,-60.15,-20.42
23.23,56.85,-1.26,62.75
23.3,58.5,10.6,62.36
23.36,27.79,-9.42,8.87
23.43,52.26,-20.66,26.28
23.5,25.86,-16.08,-14.5
23.56,17.98,-26.44,-24.27
23.63,2.78,9.01,-40.03
23.7,-8.76,22.84,-55.15
23.76,-3.78,33.47,-38.24
23.83,2.59,21.18,-17.07
23.9,6.98,-0.86,6.91
23.96,7.92,-6.11,9.65
24.03,3.69,7.04,0.28
24.1,-8.2,5.61,12.43
24.16,-6.85,-4.21,2.86
24.23,-13.44,-12.11,-1.44
24.3,-6.54,-12.66,2.28
24.36,12.98,7.85,16.14
24.43,3.11,-18.66,12.55
24.5,-3.15,-12.05,25.07
24.56,-10.96,-0.98,43.89
24.63,-4.57,-1.82,41.16
24.7,2.54,4.97,46.23
24.77,-2.19,2.38,49.02
24.83,0.2,-3.59,51.69
24.9,0.92,-11.2,34.67
24.96,1.29,-6.73,6.98
25.03,18.7,7.1,-17.91
25.1,24.83,-0.4,-29.35
25.16,11.06,-1.94,-31.43
25.23,0.56,-3.73,-43.28
25.3,-4.53,-1.7,-41.09
25.36,-13.6,4.78,-49.93
25.43,-7.98,5.52,-43.7
25.5,2.24,-2.8,-40.89
25.56,10.93,-5.17,-17.99
25.63,9.61,-0.82,-18.65
25.7,10.26,2.92,-1.49
25.76,9.1,5.2,5.74
25.83,6.9,9.06,10.06
25.9,6.14,6.49,9.54
25.96,6.12,3.05,9.08
26.03,6.03,6.18,5.2
26.1,5.39,7.52,2.59
26.16,3.63,7.87,3.11
26.23,4.42,7.94,-2.03
26.3,6.4,5.59,-0.66
26.36,13.14,-4.92,16.94
26.43,15.63,-3.09,15.93
26.5,8.83,4.49,7.09
26.56,7.81,5.51,3.8
26.63,8.11,14.01,0.35
26.7,-3.97,22.16,-6.93
26.76,-2.21,13.4,-3.22
26.83,-0.54,3.49,-9.07
26.9,-0.67,13.27,-13.31
26.96,3.2,21.11,-8.46
27.03,-2.76,24.8,-13.96
27.1,-3.72,12.64,-11.19
27.16,-13.35,10.69,-21.0
27.23,-8.18,-1.94,-18.24
27.3,1.22,-6.8,-26.69
27.36,16.38,38.64,-20.67
27.43,18.58,20.87,-27.88
27.5,7.74,-32.87,7.11
27.56,14.2,-19.04,-18.28
27.63,1.96,-32.87,-2.68
27.7,0.43,-29.36,1.02
27.76,-19.23,-18.51,28.28
27.83,-9.89,-2.59,13.83
27.9,-6.34,21.72,0.81
27.96,-1.79,20.79,10.86
28.05,13.17,22.11,0.09
28.11,-81.87,163.88,-54.67
28.18,-33.42,7.69,-11.33
28.25,0.62,-108.64,37.03
28.31,10.08,4.76,3.83
28.38,2.82,-11.84,4.28
28.45,20.45,14.72,1.66
28.51,22.91,13.68,3.27
28.58,7.73,13.62,1.23
28.65,-10.55,-8.11,-1.02
28.71,7.76,-2.44,26.34
28.78,43.36,-61.46,33.29
28.85,2.27,-24.83,-8.28
28.91,2.85,-46.94,14.05
28.98,16.14,-32.2,-19.04
29.05,11.68,-37.98,19.31
29.11,12.6,-24.51,32.45
29.18,4.43,-11.99,17.43
29.25,14.09,-27.35,20.97
29.31,21.1,9.79,-3.56
29.38,22.15,61.2,-19.51
29.45,25.31,30.1,-14.08
29.51,62.81,6.76,26.38
29.58,53.37,-7.69,21.53
29.65,-4.65,2.4,5.76
29.71,-21.35,-7.66,-52.33
29.78,11.39,84.7,-86.37
29.85,9.79,29.64,-5.6
29.91,12.34,8.96,35.98
29.98,4.15,-14.22,43.17
30.05,-7.03,24.06,44.79
30.11,-6.22,48.2,41.02
30.18,12.41,2.44,24.27
30.25,10.58,-3.23,8.91
30.31,-8.17,-11.51,40.73
30.38,1.82,-25.24,8.24
30.45,-10.42,-25.33,-4.97
30.51,0.68,-30.85,1.16
30.58,-2.25,-10.94,1.0
30.65,-3.91,-26.22,20.54
30.71,1.43,-4.01,14.92
30.78,4.91,-7.75,20.28
30.85,-3.54,-8.21,13.33
30.91,-2.03,-5.53,5.29
30.98,37.41,-7.82,-31.75
31.05,44.02,-8.77,-38.6
31.11,54.1,2.97,-9.53
31.18,51.92,-5.62,-17.47
31.25,52.24,-4.53,-3.47
31.31,63.34,6.05,-8.42
31.38,81.14,15.45,-19.92
31.45,94.37,20.97,-2.16
31.51,59.84,1.13,17.49
31.58,74.99,5.41,16.13
31.65,78.2,-3.87,8.32
31.71,86.07,7.74,-0.42
31.78,75.19,13.84,0.71
31.85,87.57,25.31,-7.06
31.91,85.73,13.42,3.59
31.98,81.04,19.4,-4.32
32.05,76.24,21.55,4.16
32.11,67.08,4.65,-0.22
32.18,50.0,5.74,0.64
32.25,43.89,-5.65,8.59
32.31,50.45,-6.58,13.61
32.38,61.42,-6.04,6.3
32.45,29.76,-9.83,6.09
32.51,34.81,-3.75,-3.68
32.58,32.96,-7.73,-2.56
32.65,44.45,-10.9,-2.42
32.71,29.65,-3.68,2.63
32.78,18.23,-2.1,1.89
32.85,13.84,-1.64,-2.85
32.91,6.06,-6.38,2.75
32.98,5.97,1.09,-0.47
33.05,0.36,0.58,2.73
33.11,2.48,1.7,-0.86
33.18,0.06,0.93,-1.41
33.25,7.67,3.8,-1.4
33.31,9.56,0.18,0.58
33.38,8.51,-0.35,2.03
33.45,2.42,0.52,1.91
33.51,0.92,0.58,0.76
33.58,4.13,0.21,0.57
33.65,2.96,1.95,-2.94
33.71,-6.78,3.27,-2.55
33.78,-2.69,3.83,0.46
33.85,-0.74,3.0,-0.79
33.91,3.63,7.0,-8.39
33.98,3.11,6.9,-7.88
34.05,4.46,5.47,1.52
34.11,14.88,-1.71,0.22
34.18,18.58,-0.91,6.85
34.25,13.37,-1.75,4.37
34.31,10.33,-1.19,4.06
34.38,6.66,-2.7,0.99
34.45,8.42,-2.83,3.05
34.51,11.66,2.61,0.85
34.58,10.9,-2.22,5.33
34.65,8.77,1.02,1.43
34.71,5.79,0.2,3.15
34.78,8.93,1.57,2.76
34.85,7.59,-0.89,1.25
34.91,2.12,3.55,8.07
34.98,-12.45,-3.19,11.77
35.05,-39.34,-6.08,15.95
35.11,-55.89,-9.0,30.18
35.18,-81.64,-3.04,15.59
35.25,-77.03,1.9,21.03
35.31,-80.74,10.42,6.09
35.38,-92.47,22.81,1.61
35.45,-106.98,29.06,-13.35
35.51,-92.06,28.08,1.69
35.58,-77.38,14.87,-9.12
35.65,-85.74,-2.61,-0.12
35.73,-91.07,-3.95,-6.21
35.8,-97.65,14.08,6.3
35.86,-99.0,8.01,5.5
35.93,-95.37,4.79,7.45
36.0,-83.88,0.42,-5.23
36.08,-70.57,2.72,-13.18
36.15,-11.66,0.87,-1.91
36.23,-17.39,0.12,-9.58
36.31,35.25,15.8,-9.67
36.4,57.64,26.84,-1.68
36.49,18.88,9.14,2.06
36.56,6.78,-2.95,3.48
36.63,7.1,4.5,3.14
36.7,10.15,2.23,4.27
36.76,7.12,4.88,0.95
36.83,4.22,2.44,2.82
36.91,1.12,3.4,-1.31
37.0,-4.03,-2.84,4.82
37.08,-24.17,-8.77,7.21
37.15,-53.4,-12.55,13.99
37.22,-83.41,-33.53,33.15
37.29,-83.63,-26.79,22.09
37.36,-75.35,-12.04,7.94
37.43,-92.55,12.59,-10.37
37.51,-102.93,10.16,-1.61
37.6,-104.42,-12.23,-1.17
37.68,-91.38,-23.05,0.83
37.75,-80.38,-18.06,3.81
37.82,-77.43,8.28,-2.01
37.9,-62.93,-9.43,15.5
37.98,-26.1,-18.16,3.18
38.07,-45.91,-0.44,-2.83
38.15,-48.77,1.12,-10.25
38.22,-42.61,-2.0,1.33
38.3,-1.75,-2.21,-9.27
38.38,-1.85,-4.18,-11.06
38.46,1.81,0.14,-8.13
38.52,4.47,0.87,-0.06
38.62,5.0,3.97,-1.27
38.71,6.18,0.97,0.02
38.78,3.2,-1.45,0.63
38.85,9.09,2.39,4.52
38.92,7.41,0.43,-1.66
38.99,8.0,1.79,0.03
39.06,5.79,2.2,1.12
39.12,7.91,2.09,5.0
39.19,5.1,-0.97,2.07
39.25,3.38,-2.9,3.09
39.32,8.55,2.4,2.81
39.38,20.93,8.04,3.09
39.45,38.22,6.4,-7.25
39.52,71.77,9.46,-13.45
39.58,69.13,7.33,0.35
39.65,51.23,2.72,-14.09
39.71,63.44,11.65,-24.63
39.78,75.56,19.74,-19.47
39.85,84.3,21.32,-17.2
39.91,108.33,23.05,-8.21
39.98,110.06,25.85,6.67
40.05,90.08,18.87,13.41
40.11,91.7,10.48,10.45
40.18,114.97,12.3,-2.89
40.25,87.53,4.74,12.88
40.31,75.54,-5.34,13.38
40.38,77.97,-16.67,-1.21
40.45,79.87,0.74,6.4
40.51,78.05,7.76,5.02
40.58,83.18,2.04,1.47
40.65,77.35,0.81,0.21
40.72,55.76,-0.69,0.61
40.8,57.99,10.66,1.68
40.88,48.36,11.26,-3.73
40.96,41.85,7.44,-4.53
41.03,26.62,16.16,-3.41
41.1,9.84,3.89,-0.14
41.16,-6.62,2.42,1.14
41.23,-13.47,-7.25,3.61
41.3,-3.9,-0.58,0.67
41.36,-3.65,-1.39,0.74
41.43,2.5,8.07,-1.18
41.5,2.99,1.35,0.3
41.56,-1.18,4.13,-0.03
41.63,-1.28,2.65,-0.31
41.7,-0.05,4.25,-0.86
41.76,-9.86,11.5,-3.28
41.83,-24.62,6.36,-2.23
41.9,-79.76,5.93,-4.59
41.96,-52.93,11.65,-8.08
42.03,-60.58,14.32,2.44
42.1,-25.9,31.8,-15.78
42.16,-3.89,25.53,-23.0
42.23,7.04,27.46,-12.31
42.3,33.53,28.83,0.74
42.36,30.31,12.31,1.48
42.43,20.44,-0.09,13.6
42.5,24.25,-7.15,7.22
42.56,10.92,-17.47,6.17
42.63,7.93,-23.09,2.83
42.7,10.77,-33.27,5.97
42.76,22.17,-19.26,-9.08
42.83,43.22,-2.47,0.55
42.9,57.45,-6.61,3.94
42.96,71.21,-18.5,-17.62
43.03,83.4,-4.16,-6.61
43.1,115.33,-23.15,15.83
43.16,128.63,-33.74,8.55
43.23,124.94,-20.93,29.81
43.3,136.67,3.84,23.28
43.36,156.21,42.09,-10.09
43.43,166.6,36.02,9.5
43.5,196.94,25.06,0.85
43.56,191.56,-6.71,8.18
43.63,184.84,-3.06,-4.54
43.7,147.58,35.02,-20.33
43.76,82.1,-0.77,-30.23
43.83,36.21,-11.82,-11.44
43.9,15.37,2.14,-10.25
43.96,13.6,-5.21,-1.97
44.03,9.21,-1.51,0.21
44.1,7.1,0.68,0.22
44.16,7.09,4.0,0.13
44.23,4.26,2.49,1.15
44.3,3.01,0.55,5.99
44.36,1.43,3.02,4.49
44.43,-6.21,2.75,9.33
44.5,-27.03,-2.96,11.22
44.56,-51.86,1.04,-0.5
44.63,-55.88,-11.5,-10.96
44.7,-86.82,-22.21,-25.55
44.77,-139.09,-11.96,-14.17
44.83,-132.24,39.17,-13.86
44.9,-173.26,14.01,-41.67
44.96,-165.44,24.79,-25.66
45.03,-139.62,18.72,-24.76
45.1,-147.5,0.75,-37.59
45.18,-130.73,-3.4,-19.92
45.25,-102.9,6.32,6.88
45.31,-79.62,-4.75,-9.42
45.38,-65.96,-3.61,-30.12
45.45,-49.63,-0.05,-23.63
45.51,-32.27,3.13,-29.03
45.58,5.95,4.15,-15.36
45.65,6.47,1.17,-6.03
45.71,5.72,2.21,-3.69
45.78,7.51,1.44,-0.41
45.85,7.07,3.47,1.42
45.91,9.38,2.37,-0.03
45.98,9.57,3.93,1.16
46.05,9.77,2.84,3.74
46.11,8.14,5.88,1.14
46.18,8.58,3.03,-0.25
46.25,8.44,0.26,-0.2
46.31,5.42,-1.14,-0.29
46.38,6.75,1.81,1.1
46.47,6.11,-0.4,-0.0
46.53,5.61,2.86,-1.08
46.6,4.46,-6.84,-4.27
46.66,8.72,8.23,3.41
46.73,4.83,0.5,-1.62
46.8,6.44,5.41,1.38
46.86,5.01,1.78,0.95
46.93,2.76,-0.77,0.01
47.0,9.37,3.75,1.43
47.06,7.55,2.86,0.37
47.12,8.14,0.41,0.08
47.19,8.29,0.32,0.29
47.26,6.3,1.98,-1.03
47.32,6.6,2.04,1.09
47.39,6.27,-0.2,1.24
47.45,6.38,-0.04,-1.98
47.52,6.11,3.37,1.2
47.58,6.67,3.41,1.93
47.65,6.03,-1.26,0.3
47.71,3.81,-0.95,1.85
47.78,2.8,1.03,-0.52
47.85,8.06,3.9,2.68
47.91,6.88,1.29,0.93
47.98,8.89,-0.63,-0.75
48.05,3.85,2.41,0.89
48.11,6.76,2.0,1.82
48.18,6.57,1.56,2.82
48.25,6.71,1.83,1.72
48.31,6.82,2.17,-0.06
48.38,5.01,2.04,1.28
48.45,8.35,2.24,0.89
48.51,6.83,2.76,0.99
48.58,7.39,-0.92,-1.05
48.65,2.95,-1.2,-0.02
48.71,6.19,-1.03,0.01
48.78,5.23,0.67,-0.25
48.85,5.63,-1.12,-0.17
48.91,6.2,4.01,0.75
48.98,4.83,2.46,1.36
49.05,5.55,0.17,0.87
49.11,4.49,3.68,1.73
49.18,2.64,1.39,1.24
49.25,2.55,-0.1,1.15
49.31,-0.54,-3.85,-0.49
49.38,-2.36,-3.4,0.64
49.45,-12.21,-6.96,7.97
49.51,-14.02,-5.57,1.47
49.58,-13.03,-2.79,3.83
49.65,-14.27,-2.24,1.22
49.71,-14.73,-10.2,3.02
49.78,-15.13,-7.42,2.13
49.85,-19.51,-8.1,4.78
49.91,-19.59,-1.07,5.64
49.98,-18.46,-8.53,5.99
50.05,-21.76,-1.96,10.3
50.11,-21.92,-3.71,-2.11
50.18,-25.47,-2.9,-6.06
50.25,-31.7,-6.04,-8.4
50.31,-62.16,0.56,-18.57
50.38,-66.46,0.26,-20.44
50.45,-88.96,0.94,-33.07
50.51,-83.89,-0.81,-33.53
50.58,-82.3,6.36,-16.42
50.65,-64.57,7.02,-11.15
50.71,-63.3,6.14,-14.65
50.78,-66.69,-11.22,-9.66
50.85,-62.84,-5.78,-11.55
50.91,-43.62,-2.3,-6.37
50.98,-43.65,1.39,-0.95
51.05,-36.26,3.66,-12.72
51.11,-39.27,1.33,-14.33
51.18,-36.01,-2.29,-13.87
51.25,-30.77,4.87,-13.91
51.31,-25.91,1.85,-11.99
51.38,-5.24,-2.11,-15.2
51.45,4.14,-1.59,-8.15
51.51,5.67,-0.29,-2.57
51.58,27.59,-2.27,8.29
51.65,74.16,-12.63,13.32
51.71,148.14,-14.23,21.59
51.78,146.11,7.65,4.59
51.85,171.53,46.24,-11.16
51.91,173.23,25.82,1.2
51.98,161.88,33.41,27.79
52.05,139.51,6.5,11.35
52.11,121.0,-4.33,22.98
52.18,119.76,-12.96,20.39
52.25,109.14,-2.48,10.36
52.31,110.1,8.72,9.41
52.38,99.42,-2.54,10.43
52.45,122.04,36.67,16.67
52.51,133.19,12.17,23.93
52.58,142.08,27.52,31.97
52.65,141.86,5.13,30.17
52.71,164.92,7.93,38.1
52.78,171.62,-20.26,30.79
52.85,143.97,-27.83,15.94
52.91,134.78,-22.09,-4.55
52.98,132.98,-25.57,-25.4
53.05,150.4,-22.86,-2.96
53.11,132.19,-17.06,6.63
53.18,61.28,-9.53,11.31
53.25,31.68,-12.2,-3.6
53.31,11.13,1.72,4.05
53.38,1.41,2.26,4.7
53.45,-17.77,10.05,13.66
53.53,-30.92,2.38,9.95
53.6,-65.65,6.79,14.41
53.66,-102.87,10.25,10.76
53.73,-177.18,25.59,-15.92
53.8,-210.28,34.84,-31.68
53.86,-207.37,51.8,-18.52
53.93,-187.89,41.7,-24.51
54.0,-200.92,28.19,-49.34
54.06,-215.93,22.36,-30.33
54.13,-205.42,19.41,-30.69
54.2,-135.79,24.51,3.14
54.26,-88.71,13.67,2.3
54.33,-7.34,-14.29,-6.12
54.4,18.54,-20.95,-13.42
54.46,27.06,-10.33,-9.35
54.53,8.13,-4.5,-2.18
54.6,1.63,-3.58,-0.68
54.66,0.46,7.94,-1.07
54.73,7.76,9.63,0.03
54.8,10.83,5.03,1.7
54.86,14.39,-1.38,2.88
54.93,9.24,0.11,1.99
55.0,-0.64,-3.31,2.67
55.06,-9.54,0.2,0.97
55.13,-41.52,-6.83,5.6
55.2,-72.05,13.95,11.71
55.26,-126.72,11.08,14.05
55.33,-143.79,12.22,-2.65
55.4,-154.7,26.51,0.71
55.46,-141.73,14.58,-12.8
55.53,-145.11,8.69,-36.93
55.6,-142.64,3.9,-33.09
55.66,-132.25,10.53,-24.26
55.74,-46.54,-5.51,-28.05
55.81,-19.65,-9.68,-25.7
55.87,0.12,-2.58,-3.11
55.95,1.7,-3.9,-6.81
56.02,24.22,-7.35,5.41
56.08,140.69,-61.46,-15.8
56.15,217.95,-33.84,-41.27
56.22,238.47,42.54,-5.19
56.28,248.64,46.65,15.68
56.35,187.42,54.66,56.55
56.41,117.74,49.22,35.18
56.48,120.23,33.67,-74.98
56.55,123.85,35.17,-55.51
56.61,34.78,33.99,-81.22
56.68,-2.62,29.13,-36.98
56.75,-43.38,-29.72,5.21
56.82,-69.12,-77.99,46.56
56.88,-7.38,-19.31,8.45
56.95,2.97,26.33,-20.76
57.02,7.83,3.1,0.34
57.08,9.31,-4.3,-0.67
57.15,1.89,23.27,-7.91
57.21,-21.04,31.03,12.67
57.28,5.76,2.81,37.73
57.35,14.37,-20.65,4.41
57.41,69.82,-42.37,31.17
57.48,71.57,5.79,11.91
57.55,87.77,18.34,0.28
57.61,119.61,21.92,9.62
57.68,106.56,4.72,24.68
57.75,130.12,-13.47,23.77
57.83,131.35,2.46,8.41
57.9,139.19,12.54,-3.73
57.97,165.36,33.05,0.62
58.03,149.96,5.19,2.78
58.1,218.15,34.46,41.45
58.16,205.95,28.02,40.12
58.23,150.91,14.68,21.93
58.3,164.92,3.81,25.6
58.36,58.06,-27.72,13.92
58.43,11.12,-8.81,13.76
58.5,-31.3,8.2,13.13
58.56,-89.91,-10.15,16.72
58.63,-168.19,23.27,41.31
58.7,-202.97,7.62,26.15
58.76,-249.99,-19.69,1.02
58.84,-249.99,28.77,-14.49
58.9,-249.99,38.41,10.6
58.97,-249.23,61.35,13.98
59.03,-216.82,51.36,1.3
59.1,-208.66,33.34,-0.29
59.16,-222.07,19.37,-25.19
59.23,-237.5,42.94,-65.3
59.3,-228.36,15.23,-55.03
59.36,-140.83,24.96,-51.38
59.43,-98.74,0.06,-22.08
59.5,-56.36,-8.29,-2.05
59.56,-5.82,-6.5,-0.33
59.63,172.05,-46.01,-15.11
59.72,250.0,-4.91,-31.61
59.79,250.0,44.89,18.06
59.86,250.0,30.35,14.32
59.93,235.15,12.89,-19.52
60.0,241.89,54.13,-15.75
60.06,239.73,53.03,23.08
60.13,233.81,45.93,6.32
60.2,226.4,53.74,32.72
60.26,243.61,36.3,101.91
60.33,250.0,-0.09,59.66
60.4,218.08,-25.48,32.01
60.46,-41.76,15.37,40.96
60.53,-155.37,38.85,45.83
60.6,-249.99,21.91,2.57
60.66,-249.99,10.64,-32.68
60.73,-249.99,-13.24,-16.25
60.8,-249.99,12.08,-16.57
60.87,-249.99,19.54,-8.47
60.94,-249.99,3.57,-25.67
61.0,-248.77,-6.81,-26.3
61.07,-164.15,16.07,-14.55
61.14,-93.61,32.82,40.8
61.2,118.52,38.06,18.52
61.27,250.0,-24.82,42.97
61.34,250.0,-59.11,40.03
61.4,244.79,36.95,6.84
61.47,250.0,21.64,-19.31
61.53,250.0,11.56,-43.94
61.6,250.0,-9.81,18.09
61.66,250.0,-3.53,22.4
61.73,248.89,-1.34,2.21
61.8,111.18,6.12,6.58
61.88,-96.67,30.24,56.44
61.97,-249.99,77.2,35.83
62.04,-249.99,63.33,-68.93
62.1,-249.99,31.96,-94.44
62.17,-249.99,35.62,-43.97
62.24,-249.99,31.23,-28.78
62.3,-249.99,43.67,-32.13
62.37,-249.99,57.15,-39.71
62.43,-189.09,28.25,-23.87
62.5,-54.39,-8.47,4.35
62.57,42.02,-7.49,17.78
62.63,250.0,-48.24,6.55
62.7,250.0,-53.01,14.04
62.77,250.0,46.98,-43.75
62.84,250.0,42.58,-26.36
62.9,250.0,17.04,-7.28
62.97,250.0,-4.85,93.76
63.03,250.0,7.11,158.84
63.1,250.0,-48.54,41.2
63.17,154.88,-26.36,-16.91
63.23,96.88,17.92,-9.07
63.3,33.0,-11.13,-8.85
63.36,-225.13,6.64,54.21
63.43,-249.99,6.85,-37.96
63.5,-249.99,-17.7,-14.02
63.56,-249.99,-22.05,-16.1
63.63,-249.99,4.16,13.44
63.7,-249.99,32.7,29.23
63.76,-211.85,33.3,-25.26
63.83,-208.83,45.17,-10.04
63.9,-204.64,28.59,-14.68
63.96,-184.27,14.38,-15.24
64.03,-129.39,13.9,-19.56
64.1,-102.66,8.65,8.25
64.16,-60.99,10.53,3.06
64.23,9.74,5.44,11.06
64.3,117.89,-31.84,4.02
64.36,250.0,-51.75,17.88
64.43,250.0,-34.73,37.0
64.5,250.0,43.34,26.13
64.56,250.0,46.53,10.35
64.63,250.0,47.87,43.58
64.7,250.0,13.08,69.16
64.77,250.0,-8.39,43.3
64.84,250.0,-8.29,11.74
64.91,209.94,-30.03,8.62
64.97,127.26,-9.02,5.42
65.04,-101.43,11.91,25.2
65.1,-210.88,24.14,38.02
65.17,-249.99,11.18,-9.99
65.24,-249.99,-20.9,-12.31
65.3,-249.99,-26.22,-11.8
65.36,-249.99,-18.01,-10.8
65.43,-249.99,-14.86,-21.28
65.5,-249.99,-72.07,-30.9
65.56,-249.99,-45.22,-11.32
65.63,-241.83,-55.08,18.78
65.7,-151.41,-3.1,18.95
65.76,-88.11,26.94,11.52
65.83,-11.85,8.76,12.74
65.9,32.18,9.17,9.77
65.97,250.0,17.89,-19.73
66.03,250.0,40.28,-21.45
66.1,250.0,67.76,20.0
66.16,250.0,66.41,11.33
66.23,250.0,59.94,22.94
66.3,250.0,22.49,49.28
66.36,250.0,-33.46,51.86
66.43,250.0,-17.93,33.24
66.5,250.0,-44.56,11.86
66.56,250.0,-27.26,15.1
66.63,96.92,-3.82,-19.51
66.7,25.81,8.39,-3.88
66.76,-198.61,83.4,23.75
66.83,-249.99,89.15,-8.61
66.9,-249.99,33.54,-13.43
66.97,-249.99,-0.04,-60.43
67.04,-249.99,23.35,-35.07
67.1,-249.99,0.08,-50.56
67.17,-249.99,-15.43,-59.89
67.23,-249.99,-42.49,-30.96
67.3,-249.99,-30.11,-36.91
67.36,-205.44,-1.17,-32.64
67.43,-182.31,10.7,-17.11
67.5,-54.31,-13.06,-23.68
67.56,67.94,13.42,22.95
67.63,219.07,3.72,36.82
67.7,250.0,-4.65,45.83
67.76,250.0,4.51,49.95
67.83,250.0,57.72,-31.04
67.9,121.12,77.45,-35.22
67.96,4.06,25.9,-16.45
68.03,-26.94,15.28,39.94
68.1,-47.06,-4.77,56.01
68.16,-34.01,-4.34,-55.0
68.23,10.83,-48.11,36.14
68.3,19.53,2.54,-13.67
68.36,-24.71,-17.66,-115.7
68.43,-13.94,-27.63,-80.16
68.5,27.82,-24.61,-83.42
68.56,34.59,4.78,-132.74
68.63,55.11,10.49,-249.99
68.7,70.63,-9.53,-249.99
68.76,61.12,-19.81,-249.99
68.83,35.47,-24.95,-249.99
68.9,-4.7,-20.7,-249.99
68.96,-10.13,-11.71,-103.69
69.03,2.76,-3.93,-45.33
69.1,16.47,-45.51,235.4
69.16,33.56,-15.49,250.0
69.23,-11.25,-10.8,250.0
69.3,5.0,9.15,250.0
69.36,5.68,65.78,250.0
69.43,-5.93,36.76,247.08
69.5,-10.3,-0.5,82.2
69.56,4.25,8.34,13.82
69.63,25.19,40.92,-205.64
69.7,84.58,33.11,-249.99
69.76,11.38,10.69,-75.2
69.83,-13.98,-5.15,-13.29
69.9,-27.63,1.72,-36.54
69.96,-26.46,-2.68,-62.17
70.03,-36.66,-17.61,-85.57
70.1,-94.71,103.67,-110.55
70.16,-96.75,59.89,-84.85
70.23,-54.86,15.09,-46.58
70.31,-29.89,-46.38,64.08
70.38,42.64,-49.82,18.23
70.45,45.43,20.89,-62.89
70.51,34.2,23.42,2.47
70.58,19.57,1.46,-14.22
70.65,7.16,12.88,7.71
70.71,17.04,18.19,17.97
70.78,20.68,6.03,5.21
70.85,14.59,6.98,-16.04
70.91,6.9,13.69,-0.8
70.98,6.53,5.41,-8.05
71.05,15.19,2.78,-8.65
71.11,16.63,-2.89,-14.62
71.18,9.75,-0.77,1.25
71.25,6.86,0.14,-3.1
71.31,5.13,0.72,-3.54
71.38,5.98,0.25,-4.14
71.45,5.51,-0.68,-8.07
71.51,4.55,1.88,-0.03
71.58,6.5,1.62,3.42
71.65,4.22,4.19,7.57
71.71,7.74,0.17,25.54
71.78,5.34,23.28,-5.83
71.85,-30.81,52.74,-2.68
71.91,22.58,11.1,-147.03
71.98,0.6,10.41,-59.64
72.05,-12.88,52.89,127.34
72.12,37.67,100.53,97.48
72.18,91.4,87.41,150.72
72.25,49.89,29.75,163.99
72.32,-5.75,-65.24,-0.37
72.38,-5.57,-38.79,-65.74
72.45,-19.64,-32.03,-58.47
72.51,-12.52,-34.04,-189.1
72.58,-4.36,9.59,-249.99
72.65,52.1,8.34,-249.99
72.72,105.17,8.65,-249.99
72.78,143.75,-20.27,-249.99
72.85,112.16,2.26,-249.99
72.92,48.15,-4.03,-146.11
72.98,32.65,-4.16,-84.88
73.05,-66.36,35.81,161.97
73.11,-114.65,14.18,250.0
73.18,-74.02,-11.3,250.0
73.25,-77.38,-10.78,250.0
73.31,-44.13,-27.14,250.0
73.38,-29.12,-13.68,250.0
73.45,-40.15,-21.02,250.0
73.51,19.09,-24.69,250.0
73.58,6.0,-9.14,226.2
73.65,-4.81,-12.52,165.11
73.72,-7.49,-25.86,141.29
73.78,-3.15,0.24,64.03
73.85,-0.86,9.79,15.99
73.92,11.33,17.49,-87.46
73.98,24.46,46.77,-249.99
74.05,27.33,39.57,-214.92
74.11,22.48,42.35,-166.86
74.18,39.96,19.49,-215.43
74.25,23.47,23.14,-246.71
74.31,14.47,7.0,-249.99
74.38,17.57,41.49,-249.99
74.45,123.54,57.51,-249.99
74.51,171.3,50.71,-249.99
74.58,122.49,8.06,-249.99
74.65,112.95,-3.73,-249.99
74.72,93.3,-2.47,-204.87
74.78,15.81,0.17,-70.29
74.85,-4.67,6.69,-6.12
74.91,-59.65,3.45,178.2
74.98,-147.77,42.33,250.0
75.05,-119.85,-2.85,250.0
75.11,-138.01,6.87,250.0
75.18,-88.25,36.64,250.0
75.25,-68.84,-9.25,250.0
75.31,-15.04,-21.92,148.64
75.38,-24.32,-16.98,80.49
75.45,-23.48,-9.33,58.59
75.51,-14.98,-12.63,36.28
75.58,4.88,3.02,7.99
75.65,5.1,5.35,-10.6
75.71,-7.02,39.55,-247.88
75.78,-37.8,70.09,-249.99
75.85,-46.21,41.45,-249.99
75.91,29.66,6.57,-195.53
75.98,-1.75,22.57,116.81
76.05,8.97,-3.43,250.0
76.11,35.93,-45.95,250.0
76.18,-69.09,-54.21,250.0
76.25,-75.24,-60.51,160.15
76.32,43.0,16.67,-46.12
76.38,2.18,28.26,18.44
76.45,-7.91,28.96,-33.8
76.51,12.08,25.54,-98.63
76.58,30.07,46.29,-173.81
76.65,61.46,38.13,-249.99
76.72,33.15,7.99,-249.99
76.78,81.97,9.31,-73.39
76.85,1.31,-13.25,50.75
76.91,-32.56,30.81,-30.83
76.98,12.84,22.22,-98.27
77.05,35.25,-65.72,119.33
77.11,48.65,-80.36,115.15
77.18,36.7,-27.39,-34.37
77.25,29.21,-10.73,-32.88
77.31,28.08,16.0,-57.5
77.38,51.21,51.63,-13.05
77.45,88.98,-9.67,-28.45
77.51,52.74,7.79,94.09
77.58,2.86,-32.3,71.86
77.65,-47.16,-4.04,44.04
77.71,-88.61,17.74,149.15
77.78,-41.54,-4.26,249.45
77.85,-2.18,7.76,250.0
77.91,-6.45,22.08,248.52
77.98,-10.63,-8.69,132.68
78.05,-8.89,-26.98,79.62
78.11,2.13,8.99,5.45
78.18,5.65,20.1,-11.79
78.25,0.73,9.19,-52.75
78.31,-8.47,7.18,-182.73
78.38,17.65,15.18,-249.99
78.45,40.56,20.64,-249.99
78.51,24.48,27.57,-249.99
78.58,48.9,35.56,-249.99
78.67,17.76,24.64,-248.93
78.74,8.42,14.07,-249.99
78.8,-17.25,30.3,-249.99
78.87,-0.68,6.94,-247.89
78.93,6.04,-14.98,-64.3
79.0,7.2,-15.04,-9.6
79.06,7.3,-19.79,98.02
79.13,8.9,-20.22,163.84
79.2,27.28,-41.04,250.0
79.26,21.5,-28.24,250.0
79.33,8.19,-21.72,250.0
79.4,2.96,-32.3,250.0
79.46,23.75,-31.54,250.0
79.53,27.32,-13.47,250.0
79.6,8.88,6.92,221.47
79.67,13.78,16.45,189.82
79.74,1.3,-1.14,65.6
79.8,-0.64,-6.47,24.22
79.87,0.37,2.22,-65.27
79.93,4.5,-1.53,-131.07
80.0,10.75,35.27,-164.2
80.06,14.39,22.31,-249.99
80.13,52.9,26.84,-249.99
80.2,51.78,44.14,-249.99
80.26,-32.0,58.36,-249.99
80.33,-24.45,45.17,-249.99
80.4,17.76,-61.58,-246.47
80.47,3.55,-43.08,-78.59
80.54,-2.15,-12.42,-29.96
80.6,1.13,-3.29,113.72
80.67,14.32,3.29,240.53
80.73,75.51,-54.8,250.0
80.8,101.58,-42.63,250.0
80.87,61.67,-101.87,250.0
80.93,38.92,-38.82,250.0
81.0,7.09,39.79,167.62
81.06,6.54,7.68,72.66
81.13,0.07,4.43,-46.53
81.2,3.4,25.15,-121.7
81.26,28.6,23.93,-249.99
81.33,47.6,62.12,-249.99
81.4,-44.68,80.83,-249.99
81.46,-56.51,62.54,-249.99
81.53,-17.66,-43.04,-219.11
81.6,24.94,-47.09,51.69
81.66,75.99,-77.71,250.0
81.73,100.52,-124.06,250.0
81.8,64.42,-78.63,250.0
81.86,1.76,-0.77,232.34
81.93,13.29,5.82,101.4
82.0,5.23,-3.47,37.81
82.06,-15.02,10.69,-249.99
82.13,5.22,85.12,-249.99
82.2,-70.2,118.17,-249.99
82.26,-29.81,82.73,-249.99
82.33,1.23,14.21,-148.82
82.4,59.71,-87.09,250.0
82.46,56.6,-158.58,250.0
82.53,28.97,-77.12,250.0
82.6,6.06,2.97,247.04
82.66,9.37,7.58,-9.51
82.73,12.77,19.11,-54.28
82.8,-23.13,10.5,-119.85
82.86,-27.32,18.7,-196.63
82.93,45.61,97.29,-249.99
83.0,-60.06,153.66,-249.99
83.06,-19.14,86.6,-249.99
83.13,89.44,-90.35,250.0
83.2,11.34,-73.13,250.0
83.26,4.42,-168.2,250.0
83.33,-3.22,-44.8,250.0
83.4,-0.38,52.4,-221.15
83.46,73.43,127.91,-249.99
83.53,-9.58,148.05,-249.99
83.6,11.3,-38.21,-19.48
83.66,40.33,-96.36,250.0
83.73,18.77,-206.83,250.0
83.8,20.43,-90.93,250.0
83.86,-2.17,24.87,4.43
83.93,-23.87,12.8,-130.42
84.0,-121.16,7.68,-197.74
84.06,-171.92,-36.38,-111.41
84.13,-225.89,-49.21,67.52
84.2,-227.08,-56.19,93.19
84.26,-178.19,-35.04,67.58
84.33,-13.22,26.52,52.8
84.4,173.08,39.08,-5.35
84.46,250.0,-7.57,-57.09
84.53,250.0,34.64,-107.38
84.6,195.08,85.22,-38.88
84.67,142.1,52.39,-31.45
84.74,101.11,20.97,-19.55
84.8,110.42,32.67,13.08
84.87,114.93,20.28,17.92
84.93,118.81,10.77,76.86
85.0,141.29,30.57,1.95
85.07,186.92,56.89,12.41
85.13,132.05,41.67,0.63
85.2,51.68,20.07,-6.25
85.26,-113.98,-21.78,3.37
85.33,-227.67,-57.32,40.23
85.4,-249.99,18.11,39.18
85.46,-249.99,19.11,42.06
85.53,-249.99,40.29,27.83
85.6,-249.99,16.71,17.93
85.66,-242.28,4.29,-23.07
85.73,-156.45,-45.95,-27.97
85.8,-112.67,-22.58,-12.56
85.86,-40.5,9.25,18.74
85.93,30.28,6.67,2.76
86.0,250.0,5.48,10.74
86.06,250.0,-0.23,22.25
86.13,250.0,54.33,-17.5
86.2,250.0,89.73,23.74
86.26,250.0,56.13,35.65
86.33,250.0,-49.57,-5.47
86.4,245.21,-56.37,-30.53
86.46,183.99,-44.13,-40.89
86.53,-6.2,22.22,-28.97
86.6,-103.71,-75.63,-12.21
86.66,-167.7,-130.59,-24.08
86.73,-208.17,-191.42,86.72
86.8,-189.25,-149.48,16.01
86.86,-227.6,-87.41,124.1
86.93,-229.02,-20.8,85.52
87.02,-212.53,60.29,80.07
87.08,-110.63,69.89,16.53
87.15,-36.69,22.02,-5.56
87.22,137.9,66.19,-120.48
87.28,187.85,71.9,-107.28
87.35,50.7,11.99,-47.66
87.41,26.23,-26.97,-40.94
87.48,-1.78,1.41,-8.04
87.55,-8.58,26.18,79.07
87.61,-6.66,26.57,91.98
87.68,-16.63,26.67,111.11
87.75,-17.16,19.25,-49.07
87.81,155.22,10.8,-249.99
87.88,52.31,121.17,-249.99
87.95,50.72,45.88,-244.51
88.01,72.67,88.36,-226.16
88.08,10.1,-17.27,71.05
88.15,-4.34,-7.09,84.68
88.21,-79.48,-32.34,250.0
88.28,-183.4,-148.14,250.0
88.35,-20.22,33.08,250.0
88.41,-10.14,-23.85,85.83
88.48,-10.35,-28.11,26.61
88.55,13.65,6.25,-69.94
88.62,5.72,14.09,-91.34
88.68,12.78,0.34,-69.42
88.75,-6.21,9.63,-128.9
88.81,95.92,58.77,-249.99
88.88,135.42,35.86,-249.99
88.95,24.58,127.14,-249.99
89.01,-18.29,3.66,-133.12
89.08,3.51,-9.71,84.87
89.15,-91.25,-54.39,250.0
89.21,-59.37,-90.54,250.0
89.28,-3.08,-1.65,131.89
89.35,6.38,21.0,-32.81
89.41,41.17,8.08,-230.86
89.48,119.05,-25.52,-249.99
89.55,7.74,-16.42,-109.45
89.61,17.21,-6.69,-76.49
89.68,38.72,-64.62,-53.57
89.75,-18.97,-42.34,-6.9
89.81,1.97,-77.59,-26.89
89.88,-30.88,-10.54,3.29
89.95,-38.76,-17.38,-77.29
90.01,-32.62,-15.3,-101.78
90.08,-14.08,-20.7,-101.87
90.15,13.43,11.74,11.7
90.21,8.46,9.91,7.29
90.28,7.92,31.63,-12.2
90.35,0.1,41.97,-31.79
90.41,-0.02,24.99,-31.24
90.48,-5.76,5.94,-17.09
90.55,11.87,-9.75,-53.68
90.61,24.31,-22.85,-147.15
90.68,14.21,-34.72,-249.99
90.75,-72.51,-30.57,-158.63
90.81,-4.13,250.0,209.38
90.88,-26.54,250.0,250.0
90.95,52.97,232.19,232.16
91.01,85.62,-41.3,-199.64
91.08,90.33,-249.99,-249.99
91.15,-23.33,-249.99,-249.99
91.21,-85.87,-249.99,-249.99
91.28,-141.93,-140.72,-34.83
91.35,82.94,159.21,250.0
91.41,240.15,250.0,250.0
91.48,250.0,108.41,250.0
91.55,112.39,60.75,156.32
91.61,-48.25,-7.46,-97.85
91.68,-91.84,10.96,-66.91
91.75,-115.69,-34.31,-151.43
91.81,-249.99,-15.85,183.4
91.88,-111.53,45.58,78.13
91.95,-55.4,51.83,-136.16
92.01,-24.78,92.9,-114.09
92.08,19.04,45.36,-145.06
92.15,-87.49,51.56,86.47
92.21,-82.62,99.0,-2.45
92.28,-74.18,-2.62,20.68
92.35,-245.71,-44.4,219.05
92.41,-233.94,-31.29,148.59
92.48,-74.11,-67.6,18.16
92.55,60.56,-169.11,-81.59
92.61,101.94,-143.22,-127.96
92.68,250.0,-95.38,-224.05
92.75,250.0,17.6,-218.27
92.82,250.0,107.41,-65.61
92.88,250.0,91.15,-23.86
92.95,250.0,88.21,76.88
93.01,238.04,95.02,126.82
93.08,241.23,50.33,164.28
93.15,250.0,54.67,-32.26
93.21,250.0,19.28,-33.04
93.28,142.19,-19.16,82.34
93.35,99.16,-24.78,22.42
93.41,109.87,-23.5,-1.94
93.48,138.29,-37.08,20.82
93.55,187.45,-0.37,-43.66
93.61,162.85,5.01,-29.32
93.68,120.73,-0.1,-21.73
93.75,87.67,-1.92,-4.22
93.81,43.22,-18.51,48.26
93.88,42.43,-15.12,62.32
93.95,47.02,-0.56,17.01
94.01,36.25,5.93,4.74
94.08,12.14,5.69,4.19
94.15,-3.11,3.05,4.62
94.21,-8.53,4.3,1.24
94.28,-133.68,25.37,-22.42
94.35,-249.99,69.48,-111.22
94.41,-249.99,89.4,-122.39
94.48,-249.99,-72.17,-63.42
94.55,-170.3,-231.06,-18.29
94.61,-174.85,-9.75,14.46
94.68,-199.9,4.48,-10.99
94.75,-190.4,-86.4,1.55
94.81,-165.34,-131.77,-46.71
94.88,-245.25,-76.98,26.44
94.95,-169.31,-64.12,-77.8
95.01,-144.05,-108.25,-29.42
95.08,-207.34,-29.86,160.81
95.15,-207.09,34.03,105.1
95.22,-210.73,12.4,-6.1
95.28,-201.89,-24.02,-74.91
95.36,-141.14,-53.71,-59.41
95.43,-142.56,-58.51,-22.64
95.5,-144.0,-45.88,-60.1
95.56,-159.56,-41.35,-32.5
95.63,-181.42,-52.83,-4.45
95.7,-181.29,-55.74,-1.13
95.77,-192.18,-50.73,29.68
95.83,-162.87,-45.0,43.17
95.9,-130.64,-55.85,66.99
95.96,-92.79,-41.06,17.81
96.03,-77.08,-3.55,-51.62
96.1,-19.83,3.19,-29.95
96.16,-30.13,4.63,-30.76
96.23,-13.99,3.46,-9.86
96.3,-1.99,3.29,1.09
96.36,15.98,-1.25,12.57
96.43,27.5,-0.98,1.45
96.5,38.04,2.53,2.76
96.56,63.37,8.95,14.22
96.63,104.71,11.5,-9.27
96.7,179.75,12.65,25.49
96.76,161.48,37.72,-10.44
96.83,223.43,53.83,33.25
96.9,250.0,5.3,81.9
96.97,228.22,-23.1,-8.02
97.03,247.01,-11.68,61.28
97.1,250.0,-43.15,73.99
97.16,250.0,38.13,-33.86
97.23,250.0,30.37,-28.25
97.3,229.99,35.53,60.93
97.36,225.16,29.69,79.16
97.43,166.61,-1.94,55.61
97.5,159.23,-21.01,38.16
97.56,249.58,-28.68,-10.18
97.63,222.47,19.95,3.1
97.7,159.85,-13.56,25.26
97.76,176.41,-6.65,66.24
97.83,177.97,-49.61,79.21
97.9,161.63,-62.18,69.28
97.96,149.61,-41.53,26.59
98.03,140.21,-23.66,-2.67
98.1,114.95,9.52,-15.0
98.16,94.91,10.38,-8.92
98.23,87.79,6.26,-11.41
98.3,65.85,-2.45,-5.74
98.36,28.58,5.61,4.39
98.43,11.08,4.1,5.12
98.5,3.15,2.41,8.88
98.56,4.11,-0.68,6.25
98.63,-0.54,0.47,6.49
98.7,-6.12,-0.78,3.61
98.76,-5.14,-0.36,5.73
98.84,-7.38,2.61,-1.19
98.9,-6.92,5.32,1.93
98.97,-87.11,-2.33,-10.07
99.03,-104.51,13.66,-8.92
99.1,-140.95,16.34,37.2
99.17,-203.72,-17.77,-28.73
99.23,-249.99,-1.93,-54.84
99.3,-249.99,-4.5,-49.85
99.37,-249.99,2.49,-48.68
99.43,-246.18,-11.14,-50.37
99.5,-236.74,-10.88,-34.81
99.56,-224.03,-26.17,-37.88
99.63,-203.43,-24.45,-31.85
99.7,-197.6,-36.86,-25.67
99.76,-191.46,-33.2,-20.03
99.83,-192.18,-19.29,-12.85
99.9,-180.53,-21.3,-20.48
99.96,-185.04,-21.4,-20.31
100.03,-203.43,-39.33,-51.41
100.1,-199.93,-46.32,-62.57
100.16,-204.41,-80.47,-113.95
100.23,-207.84,-78.23,20.6
100.3,-159.07,-59.01,75.84
100.36,-56.36,-50.69,-21.31
100.43,-36.65,-12.71,-33.92
100.5,-0.92,9.73,9.12
100.56,15.11,4.74,0.75
100.63,21.02,6.28,-10.74
100.7,30.18,3.43,-11.96
100.76,38.14,10.93,-12.13
100.83,67.86,27.8,33.28
100.9,236.53,21.92,55.76
100.97,203.93,61.12,42.56
101.03,196.21,108.69,42.09
101.1,209.11,48.68,46.26
101.17,129.95,-31.54,36.86
101.23,122.07,-22.73,23.02
101.3,219.25,32.96,38.01
101.37,249.63,25.06,55.52
101.43,208.71,-41.68,113.67
101.5,186.22,-41.0,50.15
101.56,167.71,-20.86,26.1
101.63,151.16,-14.54,22.73
101.7,157.11,-38.59,25.86
101.76,174.37,-37.55,31.13
101.83,142.04,-39.55,29.78
101.9,138.51,-23.95,31.2
101.96,136.17,-12.76,40.51
102.03,129.41,-5.16,32.51
102.1,133.41,-14.24,35.05
102.16,144.28,-31.85,31.71
102.23,159.87,-66.13,25.04
102.3,154.75,-84.73,16.26
102.36,141.25,-77.87,20.0
102.43,103.74,-42.94,65.55
102.5,87.54,-48.03,15.47
102.56,58.91,-17.84,25.91
102.63,39.04,-12.34,8.13
102.7,36.22,-4.19,10.53
102.76,22.52,-4.02,2.87
102.83,28.89,-6.79,6.45
102.9,10.07,2.46,3.51
102.96,7.67,8.03,4.42
103.03,-1.67,6.65,-3.35
103.1,-2.43,3.18,-0.54
103.16,-39.36,10.74,3.1
103.23,-78.11,6.67,14.28
103.3,-249.99,17.84,-68.47
103.36,-249.99,16.62,-128.44
103.43,-249.99,-11.47,-173.95
103.5,-249.99,-55.86,-212.54
103.56,-249.99,-95.94,-209.81
103.63,-249.99,-85.06,-86.3
103.71,-152.34,-65.05,-40.92
103.78,-249.99,3.33,250.0
103.85,-201.4,-70.71,76.89
103.91,-124.12,-69.21,6.27
103.98,16.5,-112.36,-123.65
104.05,92.4,-44.28,-185.02
104.11,155.03,-120.6,-15.33
104.18,107.06,-109.29,55.14
104.25,42.17,-82.8,36.35
104.31,10.52,-31.13,66.18
104.38,-18.72,-13.84,25.06
104.45,-20.99,7.23,60.48
104.51,-31.1,49.92,97.36
104.58,-99.02,53.19,-55.66
104.65,-94.26,51.83,-14.85
104.71,2.18,55.56,-76.48
104.78,-26.53,47.38,-59.2
104.85,-32.48,14.87,39.17
104.91,22.22,-19.45,5.22
104.98,39.82,-4.43,20.51
105.05,21.82,13.67,-19.05
105.11,18.95,30.12,-10.7
105.18,13.93,46.53,-12.99
105.25,23.76,29.95,-37.08
105.31,38.85,31.19,-36.11
105.38,21.93,18.67,-9.7
105.45,30.6,6.19,4.06
105.51,41.68,-41.73,35.76
105.58,32.55,-158.04,18.52
105.65,132.62,-147.27,113.25
105.71,-28.94,-50.76,54.14
105.78,-84.28,-25.54,40.56
105.85,5.67,-11.0,-54.68
105.92,49.89,84.19,112.38
105.98,74.83,90.89,94.65
106.05,72.09,92.26,-15.44
106.12,33.85,52.15,-9.64
106.19,-13.23,61.65,-5.86
106.25,-27.38,56.39,-7.23
106.32,-20.05,48.0,-19.23
106.38,-3.91,47.91,3.62
106.45,40.66,-16.55,10.94
106.52,-8.52,37.67,7.7
106.58,-33.45,65.2,25.54
106.65,-20.8,46.02,24.79
106.71,19.84,-6.77,31.88
106.78,23.33,-63.67,1.67
106.85,22.46,-82.03,-1.44
106.91,16.15,-50.8,-4.33
106.98,16.06,-64.18,-12.24
107.05,8.28,-56.68,-19.45
107.12,14.5,-39.69,-59.81
107.18,9.9,26.76,-7.23
107.25,30.53,31.37,-7.69
107.31,93.18,-10.08,-23.69
107.38,125.76,0.59,-34.91
107.45,12.59,10.01,65.07
107.52,52.69,-35.15,-61.79
107.58,-10.4,22.85,-42.8
107.65,-20.1,-2.9,-25.18
107.71,8.68,2.76,38.18
107.78,20.59,15.39,51.31
107.85,-2.31,29.55,9.97
107.91,16.26,19.87,13.39
107.98,20.17,21.08,30.71
108.05,35.34,11.66,24.13
108.11,36.5,47.74,16.85
108.18,-109.4,2.05,139.76
108.25,-93.74,29.43,149.75
108.31,-18.43,16.6,38.01
108.38,0.46,-22.79,2.34
108.45,4.16,-4.4,6.93
108.51,9.96,-84.79,-61.81
108.58,0.61,-3.82,44.14
108.65,7.58,23.6,-26.19
108.71,-39.42,-160.14,-134.84
108.78,-35.1,-249.99,-144.28
108.85,-18.69,-249.99,-54.28
108.91,-52.53,-147.6,-47.88
108.98,-58.02,-91.74,-41.92
109.05,-5.06,27.86,-7.99
109.11,19.67,202.3,4.78
109.18,24.31,250.0,53.99
109.25,12.18,250.0,155.65
109.32,-0.65,133.71,137.07
109.39,-180.27,-14.7,39.66
109.45,-225.64,-11.44,-18.07
109.52,-249.99,-33.25,-57.75
109.58,-230.2,-55.42,-39.51
109.65,-162.39,-3.82,7.38
109.72,-117.61,-2.19,14.38
109.79,0.84,0.89,-8.55
109.85,146.1,-8.16,-53.07
109.92,146.59,-27.7,-34.98
109.98,222.91,-8.5,-113.76
110.05,248.79,23.87,-87.16
110.11,250.0,59.98,-57.76
110.18,250.0,42.49,-20.53
110.25,250.0,58.59,-25.03
110.31,250.0,49.89,8.96
110.38,250.0,15.29,51.6
110.45,223.6,-5.69,35.73
110.51,120.78,-11.81,12.67
110.58,40.38,1.49,-3.31
110.65,-55.28,10.08,19.92
110.71,-95.07,5.76,4.45
110.78,-179.95,9.67,-6.21
110.85,-229.09,24.55,-4.33
110.91,-249.99,24.63,24.32
110.98,-249.99,35.56,43.08
111.05,-239.86,15.81,14.59
111.11,-218.55,0.83,19.07
111.18,-152.0,-10.5,17.82
111.25,-120.37,-1.1,7.99
111.32,-75.31,-7.96,32.2
111.38,-26.28,-4.25,18.48
111.45,67.13,-17.34,-2.65
111.51,186.67,0.61,-41.59
111.58,203.03,-2.28,-25.17
111.65,219.36,8.2,-19.19
111.71,225.62,12.84,-0.39
111.78,221.74,2.7,23.55
111.85,217.63,26.14,17.25
111.91,162.94,0.24,24.07
111.98,142.8,9.63,0.49
112.06,7.2,9.84,4.81
112.13,-87.11,6.29,21.8
112.2,-242.99,46.25,0.57
112.26,-249.99,42.19,-20.33
112.33,-249.99,49.58,-3.93
112.4,-249.99,10.01,-13.78
112.46,-249.99,24.19,-10.1
112.53,-222.24,-9.18,-5.24
112.6,-189.54,-1.56,-3.4
112.66,-25.41,1.64,-11.5
112.73,76.24,7.12,-11.0
112.8,235.11,-32.32,-41.06
112.86,250.0,9.32,-50.86
112.93,250.0,38.42,-30.07
113.0,250.0,26.2,-0.46
113.06,213.49,-20.33,1.1
113.13,160.07,-9.06,-8.56
113.2,55.86,3.95,-1.59
113.26,5.71,14.37,2.07
113.33,-186.43,-7.77,-1.16
113.4,-249.99,-32.34,0.52
113.46,-249.99,-64.18,112.32
113.53,-249.99,33.62,42.21
113.6,-237.47,4.76,29.25
113.66,24.0,10.56,-46.09
113.73,197.4,-10.45,-69.55
113.8,250.0,81.74,-104.46
113.86,250.0,88.07,-76.01
113.93,46.53,6.08,-20.64
114.0,9.34,19.25,6.34
114.06,70.23,41.07,-5.87
114.13,56.07,20.05,-4.17
114.2,12.44,7.17,-5.1
114.26,9.52,13.93,0.33
114.33,9.15,-0.49,-1.36
114.4,3.89,3.3,-1.15
114.46,2.92,0.31,-1.14
114.53,6.11,-3.33,-0.7
114.6,8.8,-5.58,-0.28
114.67,2.92,1.63,1.73
114.73,3.93,2.78,0.32
114.8,4.72,1.02,1.3
114.86,6.63,-2.1,-0.58
114.93,5.19,0.0,0.96
115.0,5.5,-0.63,-1.54
115.06,6.36,1.09,0.8
115.13,5.9,1.79,0.5
115.2,5.97,0.89,0.01
115.26,6.43,-0.93,-0.62
115.33,5.09,3.09,1.21
115.4,5.74,1.11,1.45
115.46,9.27,-0.95,-1.97
115.53,6.45,1.76,-2.14
115.6,6.73,1.88,-0.46
115.66,4.65,2.49,1.32
115.73,6.05,1.94,0.09
115.8,6.57,0.04,0.47
115.86,6.13,1.25,0.69
115.93,4.64,2.61,1.06
116.0,5.06,2.36,1.04
116.06,5.4,5.94,-1.98
116.13,-5.04,24.12,-7.06
116.2,2.07,15.13,-13.23
116.26,5.22,3.17,-11.48
116.33,5.07,6.48,-13.31
116.4,20.35,-8.65,-24.83
116.46,13.49,-8.53,-19.81
116.53,6.5,9.45,-9.4
116.6,5.43,-9.29,-10.47
116.66,-8.54,-19.97,27.72
116.73,-11.92,2.95,37.94
116.8,22.11,32.09,-16.04
116.86,10.04,131.87,26.61
116.93,5.72,163.92,7.21
117.0,29.55,250.0,32.36
117.06,19.75,250.0,21.24
117.13,12.18,208.35,27.61
117.2,21.85,168.58,24.94
117.26,18.7,125.88,32.61
117.33,3.22,88.91,18.95
117.4,-11.03,-17.43,2.81
117.47,-11.97,-89.01,-14.16
117.53,-37.66,-249.99,6.59
117.6,-34.2,-249.99,2.84
117.67,-4.98,-249.99,20.94
117.73,-42.82,-249.99,-16.73
117.8,-34.22,-249.99,-11.83
117.86,-14.65,-238.26,15.05
117.93,4.04,-231.91,-3.44
118.0,2.29,-218.02,-3.9
118.06,-1.13,-203.36,14.45
118.13,-5.46,-120.67,-7.28
118.2,-6.21,-60.96,-18.14
118.26,9.25,100.64,-10.49
118.33,4.7,250.0,-54.61
118.4,-35.67,250.0,-26.05
118.46,-53.18,250.0,-23.93
118.53,-48.03,250.0,17.89
118.6,-11.71,250.0,40.36
118.66,-81.31,249.43,150.92
118.73,-28.65,206.31,85.85
118.8,-24.84,177.18,55.39
118.86,15.97,102.71,41.78
118.93,24.01,41.44,14.45
119.0,10.39,-92.11,-26.86
119.06,4.52,-184.74,-50.99
119.13,-22.26,-249.99,-110.1
119.2,13.18,-249.99,-72.39
119.26,23.42,-249.99,-44.15
119.33,-7.87,-249.99,-19.93
119.4,-16.87,-249.99,-31.68
119.46,0.46,-203.51,-34.86
119.53,8.09,-133.31,-39.34
119.6,6.58,-9.67,-19.9
119.66,-3.18,168.51,-1.08
119.73,-13.17,219.86,30.74
119.8,-11.78,250.0,24.97
119.86,-17.12,250.0,-11.92
119.93,-37.65,250.0,1.71
120.0,-49.41,250.0,21.07
120.06,-53.11,198.97,65.91
120.13,-38.41,90.93,37.29
120.2,5.71,-22.88,15.73
120.26,24.91,-112.24,4.23
120.33,-1.85,-249.99,11.57
120.42,13.84,-249.99,-22.95
120.49,0.22,-249.99,1.48
120.55,-14.61,-249.99,-32.8
120.62,-30.83,-206.77,-28.27
120.68,-19.01,-154.53,-21.27
120.75,15.92,-87.01,-20.36
120.82,20.37,-52.95,-14.95
120.88,-1.08,68.07,-3.63
120.95,-3.2,206.78,-22.44
121.02,50.23,250.0,-38.79
121.08,43.64,250.0,-52.38
121.15,-19.01,250.0,-43.39
121.22,-24.8,250.0,40.33
121.28,-12.44,250.0,53.21
121.35,-11.44,250.0,89.38
121.41,-5.87,232.76,69.98
121.48,6.37,98.72,27.69
121.55,2.54,45.84,10.33
121.61,15.72,7.73,-0.06
121.69,-18.03,-134.38,-15.49
121.75,-13.53,-249.99,-50.27
121.82,-23.61,-249.99,-45.96
121.88,-11.13,-249.99,-59.1
121.95,-26.2,-249.99,-25.39
122.01,-51.01,-249.99,35.79
122.08,-46.26,-249.99,14.13
122.15,-38.82,-249.99,-32.77
122.21,-32.88,-215.82,-115.89
122.28,-10.55,-129.82,-97.93
122.35,27.13,-25.21,-21.15
122.41,7.51,80.14,-18.58
122.48,-32.91,250.0,-32.86
122.55,-26.33,250.0,69.82
122.61,-38.14,250.0,30.49
122.68,-55.43,200.19,204.52
122.75,10.27,-66.07,-31.42
122.81,0.7,6.22,-19.28
122.88,0.07,8.9,-18.42
122.95,1.27,30.54,-15.37
123.01,14.16,46.76,-27.05
123.08,9.35,26.06,-16.63
123.15,7.59,10.49,-11.81
123.21,1.57,10.29,-7.33
123.28,1.21,8.1,-6.7
123.35,4.36,5.61,-1.43
123.41,5.33,1.86,-0.68
123.48,6.07,0.06,-0.31
123.55,5.62,2.41,0.55
123.61,6.36,-1.43,0.64
123.68,3.47,1.68,0.1
123.75,4.04,3.36,2.7
123.81,6.4,-1.45,-0.13
123.88,5.52,3.39,0.81
123.95,4.71,2.34,0.28
124.01,6.57,0.12,0.66
124.08,7.0,2.08,-0.67
124.15,5.93,1.81,-1.08
124.21,4.31,2.17,1.59
124.28,4.85,-0.97,3.01
124.35,3.43,-2.59,4.7
124.41,-3.89,7.11,7.07
124.48,3.77,-6.49,5.51
124.55,8.73,-12.33,0.57
124.61,5.3,3.05,6.75
124.68,2.91,8.45,7.28
124.75,8.33,4.28,3.4
124.81,-17.2,-4.16,41.75
124.88,-1.02,-57.54,17.24
124.95,9.13,-37.97,-4.99
125.01,47.01,43.6,-32.17
125.08,133.55,157.37,-69.52
125.15,153.3,166.99,-51.27
125.21,205.91,250.0,-58.06
125.28,175.54,224.55,-21.43
125.35,137.28,184.47,19.59
125.41,126.06,187.45,7.85
125.48,78.44,62.18,43.75
125.55,60.7,33.01,28.95
125.61,25.59,24.13,6.83
125.68,23.49,22.43,3.25
125.75,20.28,3.12,-0.17
125.82,4.63,-10.9,3.35
125.89,5.61,6.86,2.91
125.95,12.2,7.77,2.2
126.02,7.72,5.84,0.07
126.09,4.55,-3.58,4.49
126.15,4.47,-8.25,3.3
126.22,9.1,-12.04,1.22
126.28,-2.2,-16.38,1.24
126.35,-6.49,-10.01,5.88
126.41,-52.42,-68.45,18.38
126.48,-90.53,-104.02,29.74
126.55,-136.54,-140.49,2.47
126.62,-173.27,-151.48,26.21
126.68,-189.29,-142.28,53.63
126.75,-185.54,-124.09,39.35
126.81,-199.86,-148.93,47.83
126.88,-230.9,-183.65,65.68
126.95,-202.52,-163.53,28.85
127.01,-195.44,-173.28,18.21
127.08,-176.27,-162.14,-12.48
127.15,-171.17,-159.53,16.89
127.21,-92.57,-83.21,-11.35
127.28,-53.34,-60.53,-10.59
127.35,-10.38,-23.25,-5.03
127.41,8.06,1.58,2.79
127.48,7.2,3.45,2.29
127.55,3.99,-6.65,3.44
127.61,6.89,1.6,1.68
127.68,6.65,-0.5,2.42
127.75,11.03,3.51,-1.36
127.81,17.43,17.91,-6.23
127.88,104.4,124.7,-37.36
127.95,161.13,170.01,-43.87
128.01,207.84,177.86,-54.14
128.08,216.94,180.53,-38.88
128.15,188.05,213.05,-29.15
128.21,158.91,205.56,-54.31
128.28,153.85,193.97,-8.4
128.35,148.27,176.5,30.26
128.41,169.17,163.66,44.46
128.48,177.62,192.53,17.55
128.55,215.33,211.53,12.64
128.61,189.29,165.24,38.44
128.68,151.13,141.32,39.24
128.76,46.69,2.79,45.71
128.83,14.58,-31.86,41.12
128.9,-4.14,-24.41,6.59
128.96,-2.07,-18.7,11.13
129.03,1.49,-11.15,9.59
129.1,0.21,-5.82,8.79
129.16,-1.66,-11.9,8.44
129.23,-6.4,-17.05,7.12
129.3,-38.64,-47.71,10.26
129.36,-100.94,-97.0,1.83
129.43,-205.14,-127.31,-2.58
129.5,-222.43,-119.2,-20.49
129.57,-249.99,-180.98,-27.0
129.63,-249.99,-233.15,11.05
129.7,-249.99,-197.45,21.25
129.76,-249.99,-211.99,-5.35
129.83,-222.03,-225.72,-20.9
129.9,-166.48,-249.99,-50.31
129.96,-123.55,-177.14,19.77
130.03,-115.06,-143.16,24.26
130.1,-10.81,-31.4,8.98
130.16,4.2,-0.8,4.54
130.23,19.68,35.09,-7.14
130.3,53.37,76.8,-15.98
130.36,188.91,231.52,-45.66
130.43,250.0,250.0,-77.14
130.5,250.0,250.0,-73.49
130.56,250.0,250.0,-49.08
130.63,250.0,250.0,-44.52
130.7,250.0,250.0,18.93
130.77,220.55,155.01,69.45
130.83,151.81,87.77,71.8
130.9,70.55,40.09,42.4
130.97,-81.89,-68.95,10.47
131.03,-247.51,-186.13,6.82
131.1,-249.99,-249.99,18.42
131.17,-249.99,-249.99,50.45
131.23,-249.99,-249.99,50.73
131.3,-249.99,-249.99,36.79
131.36,-249.99,-249.99,54.01
131.43,-184.23,-216.66,43.96
131.5,-24.97,-39.28,-10.53
131.57,104.66,137.74,-11.42
131.63,211.01,250.0,-76.01
131.7,250.0,250.0,-127.21
131.76,250.0,250.0,-83.97
131.83,250.0,250.0,-20.76
131.9,250.0,250.0,4.52
131.97,250.0,234.02,42.8
132.03,174.66,106.11,5.95
132.1,-71.33,-71.41,25.91
132.17,-249.99,-170.6,20.9
132.23,-249.99,-159.5,74.2
132.3,-249.99,-219.67,43.72
132.36,-249.99,-232.97,56.47
132.43,-249.99,-199.7,78.41
132.5,-249.99,-179.67,83.56
132.57,-171.42,-55.62,10.25
132.63,73.71,14.07,-14.93
132.7,237.96,77.16,-49.97
132.76,250.0,250.0,-197.6
132.83,250.0,250.0,-153.56
132.9,250.0,250.0,-107.86
132.96,250.0,250.0,-124.04
133.03,250.0,193.17,9.18
133.1,110.48,72.34,37.47
133.16,-94.57,-79.0,19.85
133.23,-249.99,-211.78,89.8
133.3,-249.99,-249.99,108.38
133.36,-249.99,-231.6,63.15
133.43,-249.99,-206.98,65.97
133.5,-249.99,-160.56,40.92
133.57,-195.34,-87.15,9.02
133.63,-120.45,-39.04,14.78
133.7,155.99,111.7,-21.23
133.76,250.0,181.75,-74.24
133.83,250.0,250.0,-130.63
133.9,250.0,250.0,-92.59
133.97,250.0,250.0,34.54
134.03,223.64,250.0,46.93
134.1,123.3,113.95,42.65
134.16,59.38,64.93,42.08
134.23,-201.98,-241.93,118.81
134.3,-196.6,-235.91,26.84
134.37,-0.73,-145.03,-11.98
134.44,-52.95,-48.57,5.51
134.51,-21.82,-39.74,2.37
134.57,-13.68,-13.58,0.56
134.64,-0.53,11.9,-3.48
134.71,-23.05,25.75,-7.8
134.78,-29.29,33.71,-4.52
134.85,-4.15,24.29,-15.58
134.91,-13.97,39.57,0.46
134.98,-26.28,58.2,7.81
135.05,-18.71,46.66,-0.71
135.11,-15.01,20.4,-3.35
135.18,-13.8,13.78,9.0
135.25,38.38,48.48,30.39
135.31,10.19,88.11,55.61
135.38,-91.39,8.62,30.99
135.45,16.06,21.23,38.9
135.51,13.66,-5.55,34.81
135.58,2.54,-54.1,23.99
135.65,-18.47,-45.17,21.88
135.72,1.68,-3.4,19.18
135.78,7.36,-27.32,8.39
135.85,23.1,-31.71,-14.29
135.91,61.53,9.87,-12.07
135.98,-13.24,85.17,27.42
136.05,-21.97,99.59,51.0
136.11,-22.45,-105.51,-9.15
136.18,34.12,-139.85,-20.66
136.25,84.92,-115.77,-54.65
136.31,7.59,-12.04,-3.93
136.38,5.86,31.82,-39.07
136.45,3.34,76.84,-28.1
136.51,-65.79,42.58,-25.33
136.58,12.76,14.05,-44.4
136.65,-51.95,104.06,-6.82
136.71,-23.2,-117.73,-96.44
136.78,65.95,-119.69,-109.24
136.85,14.43,43.33,-0.92
136.91,23.41,147.4,54.95
136.98,24.3,-7.95,-19.79
137.05,-7.42,-83.16,8.82
137.14,-6.34,-249.99,84.31
137.2,49.49,-249.99,98.65
137.27,91.54,-249.99,53.6
137.34,49.2,-11.03,-0.06
137.4,50.08,250.0,-46.31
137.47,11.62,250.0,-161.86
137.54,-127.12,250.0,-216.03
137.6,-90.27,248.23,-153.74
137.67,-33.21,43.67,-66.87
137.74,3.55,-85.12,-34.96
137.8,12.0,-71.9,5.21
137.87,33.07,-43.72,18.49
137.94,-5.0,-37.31,-20.67
138.0,23.64,-51.94,-32.75
138.07,25.96,-56.54,8.67
138.15,26.17,-47.02,1.96
138.22,27.62,-48.61,12.4
138.29,0.45,-41.4,18.78
138.35,-2.23,-43.4,16.21
138.42,12.78,-29.93,14.09
138.49,18.94,-8.79,22.17
138.55,11.19,-13.3,12.17
138.62,15.02,-24.87,12.25
138.68,9.63,-23.89,-5.03
138.75,-32.48,33.36,2.5
138.81,-20.26,14.92,7.46
138.88,-19.81,13.82,14.79
138.95,-19.58,16.58,55.2
139.01,-17.19,25.22,55.7
139.09,-29.97,30.61,50.53
139.16,-37.31,-3.71,11.45
139.23,-20.32,-36.07,-19.38
139.3,10.4,-66.0,-56.81
139.36,27.8,-84.06,-74.85
139.43,26.78,-27.3,11.9
139.5,24.29,29.24,52.73
139.56,9.85,19.96,39.51
139.63,-0.98,48.96,57.87
139.7,13.98,27.66,8.81
139.76,46.94,17.53,-34.56
139.83,19.15,-17.25,-19.55
139.9,11.89,-30.85,-12.48
139.96,11.19,-30.95,-22.45
140.03,30.47,-34.88,-27.47
140.1,105.69,-40.69,-29.81
140.16,250.0,-19.5,-122.17
140.23,250.0,-14.15,-181.94
140.3,151.01,-45.72,25.53
140.36,92.31,-52.93,39.45
140.43,88.05,2.07,12.64
140.5,78.74,-10.41,-3.49
140.56,16.17,-0.51,11.12
140.63,-14.48,20.68,20.82
140.7,-111.09,-1.86,36.27
140.76,-179.94,-42.21,28.23
140.83,-219.33,-176.02,122.73
140.9,-201.66,-144.32,156.35
140.96,-163.21,19.01,122.06
141.03,-72.21,110.66,21.34
141.1,-46.77,87.17,-15.4
141.16,-24.15,15.82,0.14
141.23,-5.14,-7.75,-10.19
141.3,36.79,10.49,-27.68
141.36,43.5,23.81,-6.2
141.45,19.61,10.17,-7.35
141.52,6.25,-6.73,1.93
141.58,-3.64,39.49,5.95
141.65,6.47,119.72,-8.94
141.72,39.33,250.0,18.61
141.78,50.56,250.0,20.31
141.85,10.9,250.0,22.34
141.92,12.26,198.03,20.05
141.99,-8.59,158.05,36.33
142.05,-14.51,97.35,34.6
142.12,-2.14,41.0,15.43
142.18,-1.2,10.9,8.17
142.26,9.83,-50.54,-6.96
142.34,4.32,-219.24,-23.18
142.42,-2.17,-249.99,-14.06
142.49,-13.3,-249.99,-5.88
142.57,-26.62,-249.99,9.57
142.63,-23.78,-249.99,50.98
142.7,-12.94,-246.73,26.73
142.76,-23.13,-249.99,-21.7
142.83,-11.14,-247.83,-29.23
142.89,-13.38,-235.91,-24.81
142.96,-27.31,-200.67,-13.24
143.02,-8.88,-157.45,7.14
143.09,-2.63,-89.85,-2.71
143.15,1.87,-59.59,-7.96
143.21,6.46,-8.7,-1.83
143.28,11.31,64.08,3.33
143.35,24.15,114.55,1.22
143.41,31.49,249.97,2.59
143.47,23.52,250.0,-2.73
143.54,32.72,250.0,10.51
143.61,21.08,250.0,-2.56
143.67,19.71,250.0,-96.3
143.74,21.87,250.0,-74.49
143.8,-4.63,247.28,31.08
143.87,10.47,249.07,40.83
143.94,-18.77,178.93,67.72
144.0,13.02,124.56,44.61
144.06,9.68,64.23,26.18
144.13,-33.28,-104.05,20.34
144.19,-50.93,-145.48,3.56
144.26,1.63,-58.88,-13.9
144.32,1.47,-160.12,-55.76
144.39,4.18,-249.99,-80.39
144.45,-1.09,-249.99,-19.88
144.52,-7.05,-249.99,8.0
144.59,6.99,-186.2,7.13
144.65,12.05,-98.73,-19.93
144.72,5.3,-44.42,-19.05
144.78,7.32,57.32,-1.58
144.85,21.93,84.08,48.22
144.91,-5.38,62.88,57.83
144.98,8.42,15.65,47.07
145.05,6.62,6.22,-26.65
145.11,8.92,-13.21,-29.8
145.18,33.96,-2.98,-12.9
145.25,48.75,-12.32,-5.97
145.31,107.94,5.24,-9.92
145.38,160.12,14.48,-1.08
145.45,188.42,0.61,-1.48
145.53,206.23,1.7,2.31
145.6,219.81,-17.64,-1.78
145.66,193.57,-56.75,11.93
145.73,191.21,-27.22,-9.4
145.8,109.23,-14.84,-27.29
145.86,70.54,-8.74,-19.98
145.93,25.63,-5.27,-10.09
146.0,9.05,5.53,0.95
146.06,-26.43,8.06,6.85
146.13,-42.09,20.06,15.87
146.2,-123.11,32.95,12.54
146.26,-172.54,34.53,5.93
146.33,-249.99,75.15,24.4
146.4,-249.99,72.38,8.72
146.46,-249.99,37.96,6.39
146.53,-249.99,13.45,5.29
146.6,-227.92,-11.9,-33.49
146.67,-179.78,33.56,28.03
146.73,-150.65,48.96,28.76
146.8,-109.48,71.84,1.57
146.86,-99.75,56.24,2.74
146.93,-50.72,15.06,0.62
147.0,-25.03,-11.09,-11.71
147.06,5.64,-18.48,-6.92
147.13,12.91,-14.12,-3.47
147.2,90.25,-72.66,-23.18
147.26,145.78,-67.46,-22.06
147.33,250.0,14.63,-53.9
147.4,250.0,41.54,-70.19
147.46,250.0,74.2,-14.18
147.53,250.0,43.06,-17.58
147.6,250.0,50.07,-13.34
147.66,224.24,28.48,3.93
147.73,192.17,32.72,10.78
147.8,211.61,42.0,14.62
147.87,240.79,42.64,39.17
147.93,232.09,66.33,-31.2
148.0,39.47,41.64,-3.31
148.06,-8.58,9.46,2.51
148.13,-58.06,-7.93,17.46
148.2,-87.37,28.47,-70.65
148.26,-128.7,11.58,-114.29
148.33,-249.99,-178.71,-70.71
148.4,-249.99,-201.61,17.05
148.46,-249.99,-149.69,41.33
148.53,-249.99,-112.06,93.3
148.6,7.24,120.1,-28.8
148.67,35.71,-5.65,-10.94
148.73,17.62,180.05,29.22
148.8,88.3,-89.7,9.28
148.86,15.89,12.22,38.03
148.93,47.79,2.67,22.73
149.0,17.88,104.39,97.88
149.06,137.22,87.59,44.81
149.13,250.0,11.0,-2.1
149.2,250.0,65.47,-60.87
149.26,213.36,176.18,-51.68
149.33,116.14,-54.03,-66.02
149.4,115.59,-49.2,-60.19
149.46,45.0,-30.1,-21.07
149.53,28.35,-7.41,-4.92
149.6,10.39,-11.48,-10.59
149.66,16.42,16.02,8.51
149.73,8.37,36.98,28.54
149.8,7.8,-14.16,-10.83
149.86,7.87,8.84,3.36
149.93,6.27,-6.24,-5.57
150.0,9.58,3.22,-1.74
150.06,2.05,1.96,3.69
150.13,9.14,0.49,-3.28
150.2,8.85,-1.31,-4.26
150.26,5.95,3.21,1.27
150.33,8.59,-2.21,-4.64
150.4,5.35,5.01,3.44
150.46,16.19,16.0,9.75
150.53,6.07,21.17,16.86
150.6,7.29,-13.62,-8.77
150.67,6.5,6.66,2.71
150.75,6.1,-3.44,-2.5
150.81,6.0,3.23,1.31
150.88,6.09,0.05,-0.67
150.95,5.56,1.03,0.41
151.01,6.56,1.25,-0.32
151.08,5.72,0.98,0.38
151.15,5.23,2.23,1.45
151.21,5.59,1.46,0.96
151.28,5.4,2.35,1.67
151.35,5.48,0.26,0.62
151.41,5.89,1.67,0.93
151.48,6.01,1.23,0.34
151.55,5.76,1.47,1.8
